{
    "items": [
        {
            "type": "markdown",
            "name": "intro.md"
        },
        {
            "type": "markdown",
            "name": "v7_mk_object.md"
        },
        {
            "type": "markdown",
            "name": "v7_is_object.md"
        },
        {
            "type": "markdown",
            "name": "v7_set_proto.md"
        },
        {
            "type": "markdown",
            "name": "v7_get.md"
        },
        {
            "type": "markdown",
            "name": "v7_get_throwing.md"
        },
        {
            "type": "markdown",
            "name": "v7_def.md"
        },
        {
            "type": "markdown",
            "name": "v7_set.md"
        },
        {
            "type": "markdown",
            "name": "v7_set_method.md"
        },
        {
            "type": "markdown",
            "name": "v7_del.md"
        },
        {
            "type": "markdown",
            "name": "v7_next_prop.md"
        },
        {
            "type": "markdown",
            "name": "v7_is_instanceof.md"
        },
        {
            "type": "markdown",
            "name": "v7_is_instanceof_v.md"
        },
        {
            "type": "markdown",
            "name": "v7_prop_attr_t.md"
        },
        {
            "type": "markdown",
            "name": "v7_prop_attr_desc_t.md"
        }
    ]
}
