{
    "items": [
        {
            "type": "section",
            "name": "core_public.h"
        },
        {
            "type": "section",
            "name": "primitive_public.h"
        },
        {
            "type": "section",
            "name": "string_public.h"
        },
        {
            "type": "section",
            "name": "object_public.h"
        },
        {
            "type": "section",
            "name": "array_public.h"
        },
        {
            "type": "section",
            "name": "function_public.h"
        },
        {
            "type": "section",
            "name": "regexp_public.h"
        },
        {
            "type": "section",
            "name": "conversion_public.h"
        },
        {
            "type": "section",
            "name": "exec_public.h"
        },
        {
            "type": "section",
            "name": "exceptions_public.h"
        },
        {
            "type": "section",
            "name": "gc_public.h"
        },
        {
            "type": "section",
            "name": "util_public.h"
        },
        {
            "type": "section",
            "name": "main_public.h"
        }
    ]
}
