{
    "items": [
        {
            "type": "markdown",
            "name": "intro.md"
        },
        {
            "type": "markdown",
            "name": "v7_print.md"
        },
        {
            "type": "markdown",
            "name": "v7_println.md"
        },
        {
            "type": "markdown",
            "name": "v7_fprint.md"
        },
        {
            "type": "markdown",
            "name": "v7_fprintln.md"
        },
        {
            "type": "markdown",
            "name": "v7_fprint_stack_trace.md"
        },
        {
            "type": "markdown",
            "name": "v7_print_error.md"
        }
    ]
}
