{
    "items": [
        {
            "type": "markdown",
            "name": "intro.md"
        },
        {
            "type": "markdown",
            "name": "v7_throw.md"
        },
        {
            "type": "markdown",
            "name": "v7_throwf.md"
        },
        {
            "type": "markdown",
            "name": "v7_rethrow.md"
        },
        {
            "type": "markdown",
            "name": "v7_get_thrown_value.md"
        },
        {
            "type": "markdown",
            "name": "v7_clear_thrown_value.md"
        }
    ]
}
