{
    "items": [
        {
            "type": "markdown",
            "name": "intro.md"
        },
        {
            "type": "markdown",
            "name": "v7_mk_number.md"
        },
        {
            "type": "markdown",
            "name": "v7_to_number.md"
        },
        {
            "type": "markdown",
            "name": "v7_is_number.md"
        },
        {
            "type": "markdown",
            "name": "v7_mk_boolean.md"
        },
        {
            "type": "markdown",
            "name": "v7_to_boolean.md"
        },
        {
            "type": "markdown",
            "name": "v7_is_boolean.md"
        },
        {
            "type": "markdown",
            "name": "v7_mk_null.md"
        },
        {
            "type": "markdown",
            "name": "v7_is_null.md"
        },
        {
            "type": "markdown",
            "name": "v7_mk_undefined.md"
        },
        {
            "type": "markdown",
            "name": "v7_is_undefined.md"
        },
        {
            "type": "markdown",
            "name": "v7_mk_foreign.md"
        },
        {
            "type": "markdown",
            "name": "v7_to_foreign.md"
        },
        {
            "type": "markdown",
            "name": "v7_is_foreign.md"
        }
    ]
}
