{
    "items": [
        {
            "type": "markdown",
            "name": "intro.md"
        },
        {
            "type": "markdown",
            "name": "v7_exec.md"
        },
        {
            "type": "markdown",
            "name": "v7_exec_file.md"
        },
        {
            "type": "markdown",
            "name": "v7_exec_with.md"
        },
        {
            "type": "markdown",
            "name": "v7_parse_json.md"
        },
        {
            "type": "markdown",
            "name": "v7_parse_json_file.md"
        },
        {
            "type": "markdown",
            "name": "v7_compile.md"
        },
        {
            "type": "markdown",
            "name": "v7_apply.md"
        }
    ]
}
