{
    "items": [
        {
            "type": "markdown",
            "name": "intro.md"
        },
        {
            "type": "markdown",
            "name": "v7_mk_array.md"
        },
        {
            "type": "markdown",
            "name": "v7_is_array.md"
        },
        {
            "type": "markdown",
            "name": "v7_array_length.md"
        },
        {
            "type": "markdown",
            "name": "v7_array_push.md"
        },
        {
            "type": "markdown",
            "name": "v7_array_push_throwing.md"
        },
        {
            "type": "markdown",
            "name": "v7_array_get.md"
        },
        {
            "type": "markdown",
            "name": "v7_array_set.md"
        },
        {
            "type": "markdown",
            "name": "v7_array_set_throwing.md"
        },
        {
            "type": "markdown",
            "name": "v7_array_del.md"
        }
    ]
}
