{
  "items": [
    { "type": "markdown", "name": "crypto-base64-decode.md" },
    { "type": "markdown", "name": "crypto-base64-encode.md" },
    { "type": "markdown", "name": "crypto-md5.md" },
    { "type": "markdown", "name": "crypto-sha1.md" },
    { "type": "markdown", "name": "file-eval.md" },
    { "type": "markdown", "name": "file-list.md" },
    { "type": "markdown", "name": "file-open.md" },
    { "type": "markdown", "name": "file-read.md" },
    { "type": "markdown", "name": "file-remove.md" },
    { "type": "markdown", "name": "file-rename.md" },
    { "type": "markdown", "name": "file-write.md" },
    { "type": "markdown", "name": "fileobj-close.md" },
    { "type": "markdown", "name": "fileobj-read.md" },
    { "type": "markdown", "name": "fileobj-write.md" },
    { "type": "markdown", "name": "intro.md" },
    { "type": "markdown", "name": "socket-connect.md" },
    { "type": "markdown", "name": "socket-listen.md" },
    { "type": "markdown", "name": "socketobj-accept.md" },
    { "type": "markdown", "name": "socketobj-close.md" },
    { "type": "markdown", "name": "socketobj-recv.md" },
    { "type": "markdown", "name": "socketobj-recvall.md" },
    { "type": "markdown", "name": "socketobj-send.md" }
  ]
}
