{
    "items": [
        {
            "type": "markdown",
            "name": "intro.md"
        },
        {
            "type": "markdown",
            "name": "v7_create.md"
        },
        {
            "type": "markdown",
            "name": "v7_create_opt.md"
        },
        {
            "type": "markdown",
            "name": "v7_destroy.md"
        },
        {
            "type": "markdown",
            "name": "v7_get_global.md"
        },
        {
            "type": "markdown",
            "name": "v7_get_this.md"
        },
        {
            "type": "markdown",
            "name": "v7_get_arguments.md"
        },
        {
            "type": "markdown",
            "name": "v7_arg.md"
        },
        {
            "type": "markdown",
            "name": "v7_argc.md"
        },
        {
            "type": "markdown",
            "name": "v7_own.md"
        },
        {
            "type": "markdown",
            "name": "v7_disown.md"
        },
        {
            "type": "markdown",
            "name": "v7_set_gc_enabled.md"
        },
        {
            "type": "markdown",
            "name": "v7_interrupt.md"
        },
        {
            "type": "markdown",
            "name": "v7_get_parser_error.md"
        },
        {
            "type": "markdown",
            "name": "v7_stack_stat.md"
        },
        {
            "type": "markdown",
            "name": "v7_stack_stat_clean.md"
        },
        {
            "type": "markdown",
            "name": "v7_val_t.md"
        },
        {
            "type": "markdown",
            "name": "v7_cfunction_t.md"
        },
        {
            "type": "markdown",
            "name": "struct_v7.md"
        },
        {
            "type": "markdown",
            "name": "struct_v7_create_opts.md"
        },
        {
            "type": "markdown",
            "name": "enum_v7_err.md"
        },
        {
            "type": "markdown",
            "name": "enum_v7_stack_stat_what.md"
        }
    ]
}
